filename,sha256,date,subject,from
bounce_000396.eml,662c60ead484b1cd42b490a641198226aee86ac785594337428ce54077b8d795,"Wed, 29 Oct 2025 01:19:05 -0700 (PDT)",Delivery Status Notification (Failure),Mail Delivery Subsystem <mailer-daemon@googlemail.com>
bounce_000009.eml,6cd4302697b5257320c02aa830d0acd30374481aa1c5d19c9e5682b091ddd55c,"Wed, 29 Oct 2025 14:58:12 +0000 (UTC)","=?UTF-8?Q?=E2=80=9CHead_of_Artificial_Intelligence=E2=80=9D:_Dream?=
 =?UTF-8?Q?_Talent_-_Chief_Technology_Officer_=5F_SAAS?=",LinkedIn Job Alerts <jobalerts-noreply@linkedin.com>
bounce_000225.eml,4a6f4fe02add5ee614867421ca81aef21c7cada3812e3d068f53a1e73afb65ea,"Wed, 29 Oct 2025 12:46:35 +0000 (UTC)","=?UTF-8?Q?=E2=80=9CSenior_Data_Analyst=E2=80=9D:_Collectius_?=
 =?UTF-8?Q?-_Regional_Analytics_Lead_and_more?=",LinkedIn Job Alerts <jobalerts-noreply@linkedin.com>
bounce_000395.eml,dad161c47e461a982c4ca3eb8f3e0b120bd43228eca2748238b04969e5e2ccc0,"Wed, 29 Oct 2025 12:56:18 +0000 (UTC)","=?UTF-8?Q?=E2=80=9C(""data""_AND_""french"")=E2=80=9D:_Trans-Canada_Capit?=
 =?UTF-8?Q?al_-_Analyste_senior,_Gestion_des_donn=C3=A9es_-?=
 =?UTF-8?Q?_Trans-Canada_Capital_/_Senior_Analyst,_Dat?=
 =?UTF-8?Q?a_Management_-_Trans-Canada_Capital_and_more?=",LinkedIn Job Alerts <jobalerts-noreply@linkedin.com>
bounce_000166.eml,c5df08f25072783c635d8c5f2270ede2bc39005aa6d388f5a05acfe9a7ed339c,"Tue, 21 Oct 2025 14:25:00 -0700 (PDT)",Delivery Status Notification (Failure),Mail Delivery Subsystem <mailer-daemon@googlemail.com>
bounce_000167.eml,7d9774088d36759b1270ebfc32c877c26661d172e0477270596cdf1f57e167ec,"Mon, 20 Oct 2025 18:15:14 -0700 (PDT)",Delivery Status Notification (Delay),Mail Delivery Subsystem <mailer-daemon@googlemail.com>
bounce_000524.eml,8b12dc51236ab63aac6d90cf823976a3a2c1ec1e763b9081f06e8405b5fb1ac3,"Wed, 08 Oct 2025 03:52:36 -0700 (PDT)",Delivery Status Notification (Failure),Mail Delivery Subsystem <mailer-daemon@googlemail.com>
bounce_001303.eml,1aedbaec13bacac6ee282f1f00a9fa4ad26005030332e5e20e2a6b1d74b7e58d,"Fri, 10 Oct 2025 01:23:25 -0700 (PDT)",Delivery Status Notification (Failure),Mail Delivery Subsystem <mailer-daemon@googlemail.com>
