[{"id": "e15476b6-a389-42fc-a50c-34f4a27132ce", "conversation_id": "44514a1b-9e84-486b-8acb-6d3566909ba3", "user_id": "user-8eBjBsUvS6GmsJrFuckwixSq", "rating": "thumbs_down", "create_time": "2024-03-18T17:19:32.104444Z", "workspace_id": null, "content": "{}", "evaluation_name": null, "evaluation_treatment": null, "update_time": "2024-12-05T06:08:50.747750Z"}, {"id": "4426a113-1226-4aab-9e0b-51dd73c9565f", "conversation_id": "67047081-53d4-8006-8f69-5a31b615490a", "user_id": "user-8eBjBsUvS6GmsJrFuckwixSq", "rating": "thumbs_down", "create_time": "2024-10-08T04:20:11.103076Z", "workspace_id": null, "content": "{}", "evaluation_name": null, "evaluation_treatment": null, "update_time": "2024-12-05T06:05:11.827578Z"}]